{
  "charts-colors": {
    "a": "#6d086d",
    "b": "#93278f",
    "c": "#a81b7e",
    "d": "#cc0864",
    "e": "#f70375",

    "f": "#6d086d",
    "g": "#93278f",
    "h": "#a81b7e",
    "i": "#cc0864",
    "j": "#f70375",

    "k": "#6d086d",
    "l": "#93278f",
    "m": "#a81b7e",
    "n": "#cc0864",
    "o": "#f70375",

    "p": "#6d086d",
    "q": "#93278f",
    "r": "#a81b7e",
    "s": "#cc0864",
    "t": "#f70375",

    "u": "#6d086d",
    "v": "#93278f",
    "w": "#a81b7e",
    "x": "#cc0864",
    "y": "#f70375",

    "z": "#6d086d"
  }
}
